starting_url,Task,ground_truth_url,Ground Truth
https://www.alltrails.com,"Find the length in miles of the ""Lands End Trail"" in San Francisco",https://www.alltrails.com/trail/us/california/lands-end-trail,3.4
https://www.dickssportinggoods.com,"What is the address of the dick's sporting goods location in Daly City, California",https://stores.dickssportinggoods.com/ca/daly-city/1092/?utm_source=DICK%27S%2BSporting%2BGoods&utm_medium=Desktop&utm_campaign=Store%2BLocator,64 serramonte center
https://www.crunchbase.com,Who was the lead investor in OpenAI's pre-seed round?,https://www.crunchbase.com/organization/openai,Y Combinator
https://open.spotify.com,What is Eminem's number 1 most popular song? ,https://open.spotify.com/artist/7dGJo4pcD2V6oG8kP0tJRR,Without Me
https://www.deezer.com/us,What is Ed Sheeran's number 1 top track according to Deezer? ,https://www.deezer.com/us/artist/384236/top_track,Perfect
https://www.crunchyroll.com,What is the cost for the yearly subscription of Ultimate Fan?,https://www.crunchyroll.com/,$149.99
https://stackexchange.com,What is the username of the profile with the second highest all time reputation in Stack Overflow? ,https://stackexchange.com/leagues/1/alltime/stackoverflow,VonC
https://soundcloud.com,What is Taylor Swift's most popular track according to likes?,https://soundcloud.com/taylorswiftofficial/popular-tracks,Love Story
https://streeteasy.com,"Who wrote the article ""How to Find the Perfect Roommate in NYC"" in the resources section of Streeteasy?",https://streeteasy.com/blog/how-to-find-a-roommate-in-nyc/,Kathryn O'Shea-Evans
https://www.glassdoor.com/index.htm,"Who is the CEO of Glassdoor according to their ""Leadership"" section?",https://www.glassdoor.com/about/leadership/,Christian Sutherland-Wong
https://www.nordstrom.com,What is the address of the NYC flagship store in New York for Nordstrom? ,https://www.nordstrom.com/browse/men/shoes/sneakers-athletic?filterByBrand=nike,225 W 57TH ST
https://www.linkedin.com,Does LinkedIn offer contract positions in its job search filter?,https://www.linkedin.com/jobs/search?keywords=&location=United%20States&geoId=103644278&f_TPR=&f_JT=C&position=1&pageNum=0,Yes
https://www.dreamstime.com/,"Who is the author of the blogpost ""Do I Have to Cite Stock Photos?"", published on August 29, 2025?",https://www.dreamstime.com/blog/do-i-have-to-cite-stock-photos-76309,Stefania Iancu
https://www.etsy.com,"Does Etsy.com have a ""Toys and Games"" section under its Categories? ",https://www.etsy.com/c/toys-and-games?ref=catnav-1552,Yes
https://github.com,"Is there a discussion titled ""main dashboard page idea"" on GitHub.com?",https://github.com/ppy/osu/discussions/35067,Yes
https://www.sofascore.com,What's the top team in the Eastern Conference in the 2024-2025 NBA season?,https://www.sofascore.com/tournament/basketball/usa/nba/132#id:65360,Cavaliers
https://www.twitch.tv,"What is the oldest highlight video of Yejuniverse under the ""Music & DJs"" category?",https://www.twitch.tv/videos/1195608653?filter=highlights&sort=time,Serenade for the amazing HAYZEE
https://www.viator.com,What is Viator's email address?,https://www.viator.com/support/about,CSEU@Viator.com
https://www.zillow.com,"When was the article titled ""When Is the Best Time to Sell a House?"" in the ""Sell"" section of Zillow written?",https://www.zillow.com/learn/best-time-to-sell/,"March 26, 2025"
https://www.costco.com,Where is Costco's San Francisco warehouse located? ,https://www.costco.com/w/-/locations?location=San+Francisco%2C+California,450 10TH ST
https://www.nytimes.com,Is The New York Times' Media section located in their Business category?,https://www.nytimes.com/section/business/media,Yes
https://www.playstation.com/en-us,"How many days after purchase can a Promotional Bundle be canceled for a refund, if unused?",https://www.playstation.com/en-us/legal/playstation-store-cancellation-policy/,14 days
https://www.yelp.com,Is Kirby Cove in CA listed as a Campground in Yelp?,https://www.yelp.com/biz/kirby-cove-sausalito-2?osq=Campgrounds,Yes
https://resy.com,Are there San Francisco-based Michelin-winning restaurants listed on Resy?,https://resy.com/cities/san-francisco-ca/list/the-bay-areas-2024-michelin-winners?date=2025-09-21&seats=2,Yes
https://us.shein.com/?ref=www&rep=dir&ret=us,"How long after placing an order can you add more items using the ""Add More Items to Order"" button? ",https://us.shein.com/faq/detail?id=9358&billno=,Within 40 minutes
https://www.facebook.com,Note: Facebook requires logging in,SKIP,SKIP
https://www.shutterstock.com,Does Shutterstock have an AI image generator?,https://www.shutterstock.com/ai-image-generator,Yes
https://www.temu.com,How long does it take to receive a Temu credit refund after the cancellation request is approved?,https://www.temu.com/ph/support/c3/how-long-does-it-take-to-receive-a-refund-after-my-cancellation-request-is-approved-f-347-s-7293.html,3 minutes
https://nypost.com,"Who wrote the article ""As Putin grows more bold, here’s how Trump can fight back"" in the Opinion section of New York post?",https://nypost.com/2025/09/19/opinion/as-putin-grows-more-bold-heres-how-trump-can-fight-back/,Doug Klain
https://stackoverflow.com/questions,Can Active Questions be filtered by number of Days old?,https://stackoverflow.com/questions?sort=RecentActivity&days=5&edited=true,Yes
https://www.wayfair.com,How long is the free trial for each mattress?,https://www.wayfair.com/help/article/returns/,100 nights
http://www.barnesandnoble.com,Who is the CEO of Barnes & Noble?,https://www.barnesandnoble.com/h/help/about/barnesandnoble,James Daunt 
https://pixabay.com,Within how many days can an appeal be made after a content was removed or an account got suspended on Pixabay?,https://pixabay.com/service/faq/,180 days
https://www.alibaba.com,"What is the title of the article about iSpice Foods Inc. in Alibaba.com's ""Success Stories""?",https://buyer.alibaba.com/buyer/detail/pxwznvjo-1504005-alibaba-com-is-magic-for-ispice-foods.html?spm=a2700.bc-story-list.0.0.7a72219bbjcLxs,Alibaba.com is Magic for iSpice Foods
https://www.wikihow.com/Main-Page,Can Personality Quizzes be taken on wikiHow.com?,https://www.wikihow.com/Personality-Quizzes,Yes
https://movieweb.com,"Who wrote ""All 8 Active Superhero Teams in the MCU Going Into 'Avengers: Doomsday'""?",https://movieweb.com/mcu-active-superhero-teams-avengers-doomsday/,Richard Fink
https://www.cosmopolitan.com,When was Cosmopolitan first established?,https://www.cosmopolitan.com/about/a26950060/about-us-contact-information-masthead/,1886
https://www.dailymotion.com/ca,"How long is Bon Appétit's video ""How NYC's Best Scotch Egg Is Made""?",https://www.dailymotion.com/video/x9phj6m,8:49
https://www.instacart.com,What is Instacart's delivery feature that allows a customer to receive contactless delivery service?,https://www.instacart.com/,Leave at My Door
https://www.jstor.org,What is the mission of JSTOR as part of the nonprofit ITHAKA? ,https://about.jstor.org/mission-history/,To improve access to knowledge and education for people around the world
https://www.justice.gov,What is US DOJ's Office of Public Affairs Direct Line?,https://www.justice.gov/opa/video/doj-dea-message-fentanyl-prevention-and-awareness-day,202-514-2007
https://flickr.com,When was Flickr founded?,https://www.flickr.com/company/about-us/,2004
https://newyork.craigslist.org,"Are technical support jobs in Brooklyn, New York available on Craigslist?",https://newyork.craigslist.org/search/brk/tch#search=2~thumb~0~42.6061~-78.1518~39.7374~-69.6105,Yes
https://store.steampowered.com,Is Palworld included in the Most Played Games list of 2024?,https://store.steampowered.com/charts/bestofyear/bestof2024?tab=3,Yes
https://www.aliexpress.us/?gatewayAdapt=glo2usa&_randl_shipto=US,How long does it usually take for AliExpress to verify a payment?,https://helpcenter.aliexpress.com/s/BuyerHelp/knowledge?categoryId=1000107695&m_station=BuyerHelp&questionId=1061035767&terminal=pc,within 30 minutes
https://www.bls.gov,How far back does the US Bureau of Labor Statistics' occupational data go?,https://www.bls.gov/k12/faq.htm,From 1997 to the present
https://www.epa.gov,How long are EPA's proposed regulations open to the public for comment after the date of publication in the Federal Register?,https://www.epa.gov/aboutepa/forms/contact-epa,30-90 days
https://www.homedepot.com,Who founded The Home Depot in 1978?,https://corporate.homedepot.com/page/about-us,Bernie Marcus and Arthur Blank
https://www.maryland.gov/Pages/default.aspx,Can I make campground reservations through Maryland.gov's online services?,https://www.maryland.gov/pages/visitors.aspx?view=Travel%20and%20Tourism,Yes
https://www.newsweek.com,Where in the Newsweek navigation menu can I access the Readers' Choice Awards?,https://www.newsweek.com/readerschoice,More
https://www.tripadvisor.com,"How many minutes does it take to read the Tripadvisor Tech Blog post ""Reimagining Interstitials at Tripadvisor""?",https://medium.com/tripadvisor/reimagining-interstitials-at-tripadvisor-2100984f100d,9 min
https://discover.hubpages.com/,Is HubPages on Facebook?,https://discover.hubpages.com/,Yes
https://substack.com/home,Is there a Humor category in Substack available for readers?,https://substack.com/home/category/49692,Yes
https://www.acehardware.com,"What is the name of the local Ace Hardware Store at 2075 Market St. San Francisco, CA 94114-1315?",https://www.acehardware.com/store-locator,Handy Handyman Hardware
https://www.apa.org,"Who hosts APA's podcast ""How to Be Happier""?",https://www.apa.org/news/podcasts/speaking-of-psychology/happiness,"Sonja Lyubomirsky, PhD"
https://www.barrons.com,"Who wrote the cryptocurrency news article, ""Bitcoin, XRP, Ethereum Prices Slip. Why Crypto Investors Are Feeling Cautious.""?",https://www.barrons.com/articles/bitcoin-price-xrp-ethereum-crypto-fed-rates-dda61686?refsec=cryptocurrencies&mod=topics_cryptocurrencies,George Glover
https://www.bing.com,Does bing.com have a flight search feature?,https://www.bing.com/travel/flights?src=&q=flights+from+-&form=FBSCOP&entrypoint=FBSCOP,Yes
https://www.bloomberg.com,Who is the editor-in-chief of Bloomberg?,https://www.bloomberg.com/subscriptions/what-you-get/,John Micklethwait
https://www.cnet.com,"Does CNET have a ""Kitchen & Household"" section?",https://www.cnet.com/home/kitchen-and-household/,Yes
https://www.expedia.com,Does Expedia list its flight refund policies in its website?,https://www.expedia.com/helpcenter/?articleId=40067,Yes
https://www.google.com/maps,Is there a paid parking lot at the Golden Gate Bridge? ,"https://www.google.com/maps/place/Golden+Gate+Bridge/@37.8199109,-122.4811347,17z/data=!4m16!1m8!3m7!1s0x808586deffffffc3:0xcded139783705509!2sGolden+Gate+Bridge!8m2!3d37.8199109!4d-122.4785598!10e1!16zL20vMDM1cDM!3m6!1s0x808586deffffffc3:0xcded139783705509!8m2!3d37.8199109!4d-122.4785598!10e1!16zL20vMDM1cDM?entry=ttu&g_ep=EgoyMDI1MDkxNy4wIKXMDSoASAFQAw%3D%3D",Yes
https://www.ikea.com,Can I track my order through the IKEA website?,https://www.ikea.com/us/en/purchases/lookup/,Yes
https://www.samsclub.com,"What is the address of Sam's Club store in San Diego, California?",https://www.samsclub.com/club/6235-san-diego-ca,"6336 College Grove Way, San Diego, CA 92115"
https://www.sportskeeda.com,What year was Sportskeeda founded?,https://www.sportskeeda.com/about-us,2009
https://www.tiktok.com/explore,"Is there a Lifestyle category in Tiktok's ""Discover LIVE"" section?",https://www.tiktok.com/live/lifestyle,Yes
https://www.vogue.com,In what year was the first issue of Vogue published?,https://www.vogue.com/about-us,1892
https://collider.com,"What is Collider's email address for ""Login & Account Support""?",https://collider.com/contact/,admin@collider.com
https://gamerant.com,"Who is the author of the article ""Nintendo Making Apparent Changes to Switch Game Cases"" in gamerant.com?",https://gamerant.com/nintendo-switch-2-game-case-change/,James Ratcliff
https://www.airbnb.com,"How many baths does the listing ""Heavenly Hollow"" in South Lake Tahoe, California have?",https://gamerant.com/nintendo-switch-2-game-case-change/,1
https://www.bbcgoodfood.com,Are there any salad recipe ideas in Good Food?,https://www.bbcgoodfood.com/recipes/collection/salad-collections,Yes
https://www.cdc.gov,Who is the Deputy Director of Public Affairs of CDC?,https://www.cdc.gov/about/leadership/index.html,Nina Witkofsky
https://www.ea.com,Where is EA's global headquarters? ,https://www.ea.com/about,"Redwood City, California"
https://www.fandom.com,Is there a wiki page dedicated to Harry Potter in Fandom.com?,https://harrypotter.fandom.com/wiki/Main_Page,Yes
https://www.fda.gov,Who is the FDA Commissioner?,https://www.fda.gov/about-fda/fda-commissioner,Dr. Martin A. Makary
https://www.istockphoto.com,Does iStock have 4k videos?,https://www.istockphoto.com/ai/generation/faqs,Yes
https://www.jagranjosh.com,What email address can I use to contact Jagran Josh?,https://www.jagranjosh.com/contact-us,contact@jagranjosh.com
https://www.kayak.com,In what year KAYAK was acquired by Booking Holdings?,https://www.kayak.com/about,2013
https://www.loc.gov,"When is ""Live! At the Library"" scheduled each week?",https://www.loc.gov/events/?fa=partof:live%20at%20the%20library,Every Thursday
https://www.marriott.com/default.mi,Does Marriott Bonvoy accept bookings for weddings?,https://www.marriott.com/meeting-event-hotels/weddings.mi,Yes
https://www.mlb.com,Who is the top baseball player in MLB's Top 100 Prospect Rankings in 2024?,https://www.mlb.com/milb/prospects/2024/top100/,Jackson Holliday
https://www.qatarairways.com/en-us/homepage.html,Is Qatar Airways Platinum Lounge - South open all day?,https://www.qatarairways.com/en-us/lounges/worldwide.html,Yes
https://www.redbubble.com,When was Redbubble founded?,https://www.redbubble.com/about,2006
https://www.rei.com,How many days are REI Co‑op Members allowed to return outdoor electronics from date of purchase?,https://www.rei.com/help/returns,90 days
https://www.rent.com,Is there a rent calculator in rent.com?,https://www.rent.com/blog/rent-calculator/,Yes
https://www.simplyrecipes.com,"Who is the author of the article ""The 3-ingredient Smoothie I Make Almost Every Day"" on simplyrecipes.com?",https://www.simplyrecipes.com/easy-smoothie-recipe-11763058,Laurel Randolph
https://www.studocu.com,Who is the CEO of Studocu?,https://www.studocu.com/ph/about-us,Reynald Fasciaux
https://www.ticketmaster.com,Can I verify my Ticketmaster account by email?,https://help.ticketmaster.com/hc/en-us/articles/9782182310545-How-do-I-verify-my-account-by-phone-and-email?_gl=1%2A19t0ro%2A_ga%2AMTc5MzI2Njk5Mi4xNzU4NTUxMjQ3%2A_ga_C1T806G4DF%2AczE3NTg1NTEyNDYkbzEkZzEkdDE3NTg1NTEzMTAkajYwJGwwJGgw%2A_ga_H1KKSGW33X%2AczE3NTg1NTEyNDYkbzEkZzEkdDE3NTg1NTEzMTAkajYwJGwwJGgw,Yes
https://www.today.com,Where can I send story ideas to be featured on TODAY?,https://www.today.com/about/today-rcna226078#anchor-76d8f0,today.stories@nbcuni.com
https://www.usa.gov,What is the toll free number of usa.gov if you're calling from USA or Canada?,https://www.usa.gov/phone,1-844-872-4681
https://www.wired.com,"When was the article ""EVs Have Gotten Too Powerful"" in WIRED published?",https://www.wired.com/story/evs-have-gotten-too-powerful/,"Sep 19, 2025"
https://x.com,Is the X Privacy Policy available in multiple languages through translations?,https://x.com/en/privacy,Yes
http://indeed.com,Who is the Chief Marketing Officer of Indeed?,https://www.indeed.com/about/leadership?_ga=2.101936769.1061155978.1758483484-177048358.1758483470&_gl=1*217ebg*_gcl_au*MTUzNTk0ODEyNy4xNzU4NDgzNDg0*_ga*MTc3MDQ4MzU4LjE3NTg0ODM0NzA.*_ga_5KTMMETCF4*czE3NTg0ODM0ODQkbzEkZzAkdDE3NTg0ODM0ODQkajYwJGwwJGgw*_fplc*bWlqTnBxNWFhSU9TaGNMQ2VZJTJCampJZ1o3aGkwWlJ5cjk5U0E3JTJGelZRRHFmVjE0dFpGWjBKMXdEUFpmRjdYbkx2VlFvQ0dYOVF5UzRjQmNsdk9BUlc1SVRwN1clMkZMTE1PWTZQRXF0NFFwdCUyQlBMRTFuWCUyQlN6anozRVhkeCUyQmpRJTNEJTNE,James Whitemore
https://georgia.gov,Which Georgia house bill (HB) allows for a tax refund out of the State's surplus to Georgia filers who meet eligibility requirements?,https://dor.georgia.gov/georgia-surplus-tax-refund,HB 112
https://parade.com,In what year was Parade founded?,https://parade.com/about-us,1941
https://pngtree.com,Does Pngtree have a refund policy?,https://pngtree.com/refund-policy,Yes
https://restaurantguru.com,Is Restaurant Guru affiliated with any of the restaurants featured on their website?,https://restaurantguru.com/contactus,No
https://www.aol.com,What is the operating hours of AOL's technical support for paid customers?,https://help.aol.com/contact/,24/7
https://www.apartments.com,What email address can I reach out to for questions about rent payments processed through Apartments.com?,https://www.apartments.com/grow/about/contact,rentpayments@apartments.com
https://www.bbb.org,What does BBB stand for?,https://www.bbb.org/all/faq,Better Business Bureau
https://www.bestbuy.com,"What is the address of the Best Buy store in Honolulu, Hawaii?",https://www.bestbuy.com/site/store-locator,"478 Alakawa St Honolulu, HI 96817"
https://www.ca.gov,What phone number can I use to reach Governor Gavin Newsom?,https://www.gov.ca.gov/contact/,(916)-445-2841
https://www.collinsdictionary.com,When was the first edition of the Collins English Dictionary published?,https://www.collinsdictionary.com/about/,1979
https://www.columbia.edu,Who is the Senior Executive Vice President of Columbia University?,https://president.columbia.edu/university-leadership,Robert Kasdin
https://www.doordash.com,"How many % of the customer tips received by DoorDash goes to the their ""Dashers""?",https://dasher.doordash.com/en-us?utm_source=dx_signup_text_cx_home&_gl=1*15hvhk7*_gcl_au*MjEyNzQ1OTg5OC4xNzU4NTUzOTE0&_ga=2.123347272.232983547.1758553914-2124567028.1758553914,100%
https://www.foodnetwork.com,Who won the 2017 Cablefax Program Award for Best Host (Food)?,https://www.foodnetwork.com/site/about-foodnetwork-com,Guy Fieri
https://www.ford.com,When was Henry Ford born?,https://corporate.ford.com/articles/history/henry-ford-biography.html,"July 30, 1863"
https://www.freepik.com,What year was Freepik founded?,https://www.freepik.com/company/about-us,2010
https://www.gamesradar.com,Does GamesRadar have Hardware Reviews in their website?,https://www.gamesradar.com/hardware/reviews/,Yes
https://www.glamour.com,What company owns Glamour?,https://www.glamour.com/info/about-glamour,Condé Nast
https://www.goodhousekeeping.com,Who is the Editor-in-Chief of Good Housekeeping?,https://www.goodhousekeeping.com/about/a28971721/about-us-contact-information-masthead/,Elspeth Velten
https://www.grubhub.com,Does Grubhub have referral bonuses?,https://www.grubhub.com/deals,Yes
https://www.homes.com,What is the email address of homes.com customer support?,https://www.homes.com/about/contact-us/,Support@homes.com
https://www.housebeautiful.com,Does HouseBeautiful offer email newsletters?,https://www.housebeautiful.com/email/housebeautiful-newsletter,Yes
https://www.justdial.com,Does JustDial release their quarterly earnings reports online?,https://www.justdial.com/cms/investor-relations/financials-results,Yes
https://www.medscape.com,Is Jobson Healthcare Information part of the MedScape ecosystem?,https://www.medscape.com/public/about,Yes
https://www.newegg.com,What city is Newegg based in?,https://www.newegg.com/corporate/about,Diamond Bar
https://www.pinterest.com,When did Pinterest ban political campaign ads?,https://business.pinterest.com/brand-safety/?utm_campaign=pinterest_homepage_blogicon_all_evergreen&utm_medium=organic-pinterest&utm_source=organicpins_pinsite_homepageicon,2018
https://www.slideshare.net,What company owns Slideshare?,https://www.slideshare.net/,Scribd
https://www.thekitchn.com,Who is the CEO of The Kitchn?,https://www.thekitchn.com/team,Maxwell Ryan
https://www.thepioneerwoman.com,Who started The Pioneer Woman?,https://www.thepioneerwoman.com/about/a32672345/about-us/,Ree Drummond
https://www.uniqlo.com/us/en,Where was Uniqlo founded?,https://www.uniqlo.com/us/en/information,"Yamaguchi, Japan"
https://www.usembassy.gov,"What is the phone number of the US Embassy in La Paz, Bolivia?",https://www.usembassy.gov/bolivia/,(591) 2-216-8000
https://www.walmart.com,Can you enroll for tax-exemption at Walmart?,https://www.walmart.com/cp/tax-exemption-program/8480422,Yes
https://www.wikidata.org/wiki/Wikidata:Main_Page,What is the best way to learn about the structure and concepts of Wikidata?,https://www.wikidata.org/wiki/Wikidata:Introduction,Editing
https://www.wordhippo.com,What company built WordHippo?,https://www.wordhippo.com/what-is/about-us.html,Kat IP Pty Ltd
https://www.yahoo.com,Is there a dedicated NBA page in Yahoo! Sports?,https://sports.yahoo.com/nba/,Yes
https://www.ziprecruiter.com,"Can you filter the job posts to show only ""Remote"" positions in ZipRecruiter?",https://www.ziprecruiter.com/jobs-search?search=&location=San+Francisco%2C+CA&refine_by_location_type=only_remote&radius=25&days=&refine_by_employment=employment_type%3Aall&refine_by_salary=&refine_by_salary_ceil=&lk=gUHXZgz735RZsmtD0O5pNg&page=1,Yes
https://aliexpress.com,Does AliExpress have a category for Pet Supplies?,https://www.aliexpress.com/p/calp-plus/index.html?spm=a2g0o.home.allcategoriespc.18.10cc6278pUThnT&categoryTab=us_pet_supplies&expInfo=&_gl=1*1n808uq*_gcl_au*MTYwNjUwNjMyLjE3NTg1NTY0NDk.*_ga*NDQyOTE0OTU5MjMyMDM2LjE3NTg1NTY0Mzk3MDM.*_ga_VED1YSGNC7*czE3NTg1NTY0NDkkbzEkZzEkdDE3NTg1NTY5NjEkajU4JGwwJGgw,Yes
https://apkpure.com,What is the link to the request page for intellectual property infringement takedowns?,https://apkpure.com/contact-us.html,https://apkpure.com/submit-a-takedown-notice
https://en.wikipedia.org/wiki/Main_Page,How many species does the genus Rafflesia have?,https://en.wikipedia.org/wiki/Rafflesia,41
https://quizlet.com,Which certification has Quizlet earned from Digital Promise?,https://quizlet.com/features/how-quizlet-works,research-based design product certification
https://stardewvalleywiki.com/Stardew_Valley_Wiki,Who runs the official Stardew Valley forums?,https://forums.stardewvalley.net/pages/rules/,ConcernedApe LLC and community members
https://wa.gov,What is the service that can help a user determine which state government agency to contact?,https://wa.gov/webform/contact-wagov-team,Ask a Librarian
https://www.allrecipes.com,Which company is AllRecipes a part of?,https://www.allrecipes.com,People Inc.
https://www.apple.com,What is the address of Apple's corporate headquarters?,https://www.apple.com/contact/,"One Apple Park Way, Cupertino, CA 95014"
https://www.billboard.com,Who is the CEO of Billboard?,https://www.billboard.com/about-us/,Mike Van
https://www.britannica.com,Does Britannica have a Mortgage Payment Calculator?,https://www.britannica.com/calculators/mortgage-calculator,Yes
https://www.canada.ca,How much is the study permit fee when applying to study in Canada as an international student?,https://www.canada.ca/en/services/immigration-citizenship.html,$CAN 150
https://www.cbsnews.com,Is the CBS News app available for download in App Store and Google Play?,https://www.cbsnews.com/mobile/?ftag=CNM-16-10abd6g,Yes
https://www.cbssports.com,"What is the free, 24-hour soccer streaming network in the U.S. that offers coverage of top domestic and international soccer competitions?",https://www.cbssports.com/info/aboutus,CBS Sports Golazo Network
https://www.delish.com,How many social fans does Delish have?,https://www.delish.com/about/a26446372/about-us-contact-information-team-masthead/,34+ million
https://www.deviantart.com,When was DeviantArt founded?,https://www.deviantart.com/about,August 2000
https://www.disney.com,"Up to how many guests can fit in a ""Deluxe Oceanview Stateroom"" in the Disney Dream cruise ship?",https://disneycruise.disney.go.com/ships/dream/staterooms-overview/,5
https://www.esquire.com,Who debuted the first Esquire magazine issue?,https://www.esquire.com/about/a26377/about-us/,Arnold Gingrich
https://www.eventbrite.com,Who is the Chief Executive Officer of Eventbrite?,https://www.eventbrite.com/team/,Julia Hartz
https://www.expedia.com/,Are there hotels with golf courses listed on Expedia.com?,https://www.expedia.com/Hotel-Search?destination=United%20States%20of%20America&regionId=201&latLong=37.090241%2C-95.712891&flexibility=0_DAY&d1=2025-10-06&startDate=2025-10-06&d2=2025-10-07&endDate=2025-10-07&adults=2&rooms=1&sort=RECOMMENDED&theme=&userIntent=&semdtl=&categorySearch=&useRewards=false&amenities=GOLF_COURSE,Yes
https://www.flipkart.com,Can you buy smartphones from Flipkart?,https://www.flipkart.com/mobile-phones-store?param=4111&fm=neo%2Fmerchandising&iid=M_ff3b2715-9cac-44e2-acf6-e923029bc152_1_X1NCR146KC29_MC.AH1NTIJZ241Z&otracker=hp_rich_navigation_2_1.navigationCard.RICH_NAVIGATION_Mobiles%2B%26%2BTablets_AH1NTIJZ241Z&otracker1=hp_rich_navigation_PINNED_neo%2Fmerchandising_NA_NAV_EXPANDABLE_navigationCard_cc_2_L0_view-all&cid=AH1NTIJZ241Z,Yes
https://www.fodors.com,What award did Fodors.com won in 2019?,https://www.fodors.com/about-us,Webby People’s Voice Award for Websites – Travel
https://www.foxsports.com,Does Fox Sports have a newsletter?,https://www.foxsports.com/newsletter,Yes
https://www.goodrx.com/,Who is GoodRX's CEO?,https://www.goodrx.com/about,Doug Hirsch
https://www.hollywoodreporter.com,Is there a newsletter subscription option on The Hollywood Reporter website?,https://cloud.email.hollywoodreporter.com/signup/,Yes
https://www.illinois.gov,What is the Constituent Affairs Helpline contact number?,https://www.illinois.gov/about/contact-us.html,217-782-0244
https://www.imdb.com,Can we search celebrities using the award and recognition filter?,https://www.imdb.com/search/name/,Yes
https://www.indeed.com/,Can we find company reviews on Indeed?,https://in.indeed.com/companies?from=gnav-homepage,Yes
https://www.indiamart.com,What is the address of the registered office of IndiaMART?,https://corporate.indiamart.com/branch-offices/,"1st Floor, 29 Daryaganj, Netaji Subash Marg, New Delhi , Delhi - 110002"
https://www.indiatoday.in,When was the India Today Group founded?,https://www.indiatodaygroup.com/about-us.php,1975
https://www.khanacademy.org,What is the name of the Khan Academy founder?,https://www.khanacademy.org/about/our-board,Sal Khan
https://www.kmart.com.au,What is the store address of Footscray in Australia?,https://www.kmart.com.au/store-detail/footscray/,"Footscray Plaza 1/51 Paisley St, Footscray, VIC, 3011"
https://www.lawinsider.com,What is the name of the Law Insider co-founder?,https://www.lawinsider.com/about,Preston Clark
https://www.lego.com/en-us,In which country is the LEGO Group based?,https://www.lego.com/en-us/aboutus/lego-group?utm_source=chatgpt.com&locale=en-us,Denmark
https://www.livejournal.com,Is it possible to choose a language on the LiveJournal website?,https://www.livejournal.com/,Yes
https://www.lowes.com,oes Lowes website have a flooring calculator?,https://www.lowes.com/nl/diy-projects-and-ideas/calculators/flooring,Yes
https://www.makeuseof.com,"Is there a specific email ID for account issues, verification, or other questions?",https://www.makeuseof.com/contact/,admin@makeuseof.com
https://www.mapquest.com,Is there a route planner option in the filter section?,https://www.mapquest.com/routeplanner,yes
https://www.medicinenet.com,When was the MedicineNet site founded?,https://www.medicinenet.com/about_us/info.htm,1996
https://www.metacritic.com,Is there a specific filter option to check movies based on their release year?,https://www.metacritic.com/browse/movie/?releaseYearMin=2015&releaseYearMax=2025&page=1,yes
https://www.nerdwallet.com,Who started Nedwallet in 2009?,https://www.nerdwallet.com/leadership,Tim Chen
https://www.nih.gov,What is the phone number of the National Institutes of Health?,https://www.nih.gov/about-nih/contact-us,"301-496-4000, TTY 301-402-9612"
https://www.ny.gov,"What is the contact number of General Telephone Assistance, DMV Call Centers?",https://dmv.ny.gov/contact-us/dmv-phone-numbers,1-518-486-9786 or 1-800-698-2931
https://www.nyc.gov,How can I receive emergency alerts on my phone in New York City?,https://a858-nycnotify.nyc.gov/notifynyc/,Text NOTIFYNYC to 692-692
https://www.oed.com/?tl=true,Academic researchers having general queries about the OED Researcher API should use which email address?,https://www.oed.com/information/contact-us/,oed.uk@oup.com
https://www.oregon.gov/Pages/index.aspx,Where is the office of the Oregon Governor located?,https://www.oregon.gov/gov/Pages/index.aspx,"900 Court Street, Suite 254 Salem, OR 97301-4047"
https://www.oxfordlearnersdictionaries.com/us,How can I make a product safety inquiry with Oxford University Press?,https://corp.oup.com/contact-us/,Email product.safety@oup.com.
https://www.pcgamer.com,To which email can you send confidential tips?,https://www.pcgamer.com/about-pc-gamer/,tips@pcgamer.com
https://www.prnewswire.com,When did Cision acquire PR Newswire?,https://www.prnewswire.com/about-pr-newswire/,2015
https://www.purdue.edu,What is the address of Purdue University?,https://www.purdue.edu/home/about/,"610 Purdue Mall West Lafayette, IN 47907 United States"
https://www.radiotimes.com,In which year was RadioTimes.com founded?,https://www.radiotimes.com/about/,1997
https://www.realsimple.com,How can someone inquire about advertising on RealSimple.com?,https://www.realsimple.com/about-us-5546943,advertise@people.inc.
https://www.realtor.com,Does Realtor.com have a News and Insights page?,https://www.realtor.com/news/,Yes
https://www.reddit.com/?rdt=61899,How can someone contact Reddit regarding questions about their Privacy Policy?,https://www.reddit.com/policies/privacy-policy,"Reddit, Inc. 548 Market St. #16093 San Francisco, California 94104"
https://www.reverso.net/text-translation,Reverso app is available on which mobile app stores?,https://context.reverso.net/translation/mobile-app,Apple app store and google play store
https://www.samsung.com/us,Who is the founder of the Samsung brand?,https://www.samsung.com/us/about-us/leadership-and-mission/heritage/,Lee Byung-chull
https://www.sky.com,Which phone number should you contact regarding queries on Sky Business Broadband?,https://www.sky.com/business/help/articles/help-contact-us,03337 595 203
https://www.springer.com/us,Who takes care of the customers' licensing and permissions needs of Springer?,https://www.springer.com/us/rights-permissions/obtaining-permissions/882,Copyright Clearance Center
https://www.state.gov,Who appoints the Secretary of State?,https://www.state.gov/secretary/,The President with the advice and consent of the Senate
https://www.tasteofhome.com,What do the winners of the Taste of Homes recipe contests get?,https://www.tasteofhome.com/contests/,A chance to be published in their magazines and win big prizes
https://www.telegraph.co.uk/us,When did the Daily Telegraph paper move from The Strand to 135 Fleet Street?,https://telegraphmediagroup.com/about-us/,1860
https://www.thesun.co.uk,When was The Sun site launched?,https://www.thesun.co.uk/about-us/,1969
https://www.tomsguide.com,Does Tom's Guide have an archive section?,https://www.tomsguide.com/archives,Yes
https://www.uchicago.edu,Where is UChicago located?,https://visit.uchicago.edu/,"5801 South Ellis Avenue, Chicago, Illinois 60637"
https://www.ultimate-guitar.com,What is the UG IQ's main goal?,https://www.ultimate-guitar.com/article/blog/ug-iq,To reward users for catalog improvements
https://www.upenn.edu,What is the student-faculty ratio at the University of Pennsylvania?,https://www.upenn.edu/about,8:1
https://www.uptodown.com/mac,Where is Uptodown headquartered?,https://en.uptodown.com/about-us/our-company,"Malaga, Spain"
https://www.usda.gov,How many agencies are involved in the U.S. Department of Agriculture (USDA)?,https://www.usda.gov/about-usda/general-information/staff-offices,29
https://www.usmagazine.com,When was US Weekly founded?,https://www.usmagazine.com/about-us/,1977
https://www.vecteezy.com,Who is the founder of Vecteezy?,https://www.vecteezy.com/about,Shawn Rubel
https://www.weather.gov,Can we search for weather based on zip codes on Weather.gov?,https://www.weather.gov/,Yes
https://www.wordreference.com,Who created the WordReference website?,https://www.wordreference.com/english/AboutUs.aspx,Michael Kellogg
https://www.worldbank.org/ext/en/home,What is the HEADQUARTERS address of the World Bank?,https://www.worldbank.org/en/about/contacts,"1818 H Street, NW Washington, DC 20433 USA"
https://www.yellowpages.com,What is the contact number of the Yellow Pages?,https://www.yellowpages.com/marketing-services?from=advertise-with-us-YP,1-866-794-0889
https://www.yourdictionary.com,What is the name of the 'Your Dictionary' founder?,https://www.yourdictionary.com/about.html,Howard Love
youtube.com,Does YouTube publish blogs as well?,https://blog.youtube/,Yes
reddit.com,Does Reddit have an Animals & Pets filter in the Internet Culture filter?,https://www.reddit.com/reddit-pro?utm_source=reddit&utm_medium=left_nav_resources,Yes
amazon.com,When did Amazon report its financial results for the second quarter that ended?,https://ir.aboutamazon.com/overview/default.aspx,"June 30, 2025"
weather.com,What is the address of the NWS?,https://www.weather.gov/about/,"1325 East West Highway, Silver Spring, MD 20910"
ebay.com,What is the name of eBay’s founder?,https://www.ebayinc.com/company/our-history/,Pierre Omidyar
quora.com,Skip,Skip,Skip
espn.com,Can users get cricket scores on ESPN India?,https://www.espn.in/cricket/,Yes
bbc.com,Does BBC have a live now segment?,https://www.bbc.com/live/news,Yes
cnn.com,What is the name of CNN’s parent company?,https://edition.cnn.com/about,"Warner Bros. Discovery, Inc."
archive.org,When did the archive.org site begin?,https://archive.org/about/,1996
theguardian.com,What is the address of The Guardian’s main office in the UK?,https://www.theguardian.com/help/contact-us#head-offices,"The Guardian, Kings Place, 90 York Way, London, N1 9GU, United Kingdom"
people.com,Where can I find information on sweepstakes competitions?,https://people.com/sweepstakes,Sweepstakes section
genius.com,What is the most-viewed solo song by Justin Bieber?,https://genius.com/artists/Justin-bieber,Love Yourself
goal.com,What is the commercial inquiries e-mail of the goal website?,https://www.goal.com/en-in/contact,sales@footballco.com
medium.com,Does the Medium blog have an editor’s pick?,https://medium.com/blog,Yes
cnbc.com,Is there a podcasts section available on the CNBC website?,https://www.cnbc.com/podcast/,yes
goodreads.com,Does Goodreads have a category or section for psychological books?,https://www.goodreads.com/genres/psychology,yes
healthline.com,What is the New York office mailing address for Health Line?,https://www.healthline.com/about/about-us,"250 Park Ave S, 6th FloorNew York, NY 10003"
forbes.com,Does the Forbes website have a Lifestyle section?,https://www.forbes.com/lifestyle/,yes
apnews.com,Where can we submit confidential tips to AP News?,https://www.ap.org/contact-us/news-tips/,News tip section
screenrant.com,Where can we find the schedule for different channels?,https://screenrant.com/db/schedule/hbo/,Network TV schedule
letterboxd.com,Is there a 'Year in Review' section on Letterboxd?,https://letterboxd.com/journal/archive/topic/year-in-review/,yes
ndtv.com,When was NDTV profit launched ?,https://www.ndtvprofit.com/about-us?src=menu,"17 January, 2005"
nbcnews.com,Does NBC News have the 'filter by author' option available?,https://www.nbcnews.com/search/?q=about+nbc+news,Yes
poshmark.com,Who are the founders of Poshmark?,https://poshmark.com/about,"Manish Chandra, Chetan Pungaliya, Gautam Golwala, and Tracy Sun"
indianexpress.com,Does The Indian Express provide live cricket scores?,https://indianexpress.com/section/sports/cricket/live-score/?ref=l2_section,Yes
bandcamp.com,Is there an option to filter ‘New Arrivals’ on Bandcamp?,https://bandcamp.com/discover?s=new,Yes
news18.com,What is the address of the News18 corporate office ?,https://adwise.nw18.com/contact,"Shree Ram Mill Compound, Ganpatrao Kadam Marg, Worli, Mumbai-400013"
testbook.com,In which year was 'Course Download' launched on the Testbook site?,https://testbook.com/about-us,2019
variety.com,What is the name of Variety's founder?,https://variety.com/variety-about-us/,Sime Silverman
thehindu.com,Where is the corporate head office of The Hindu located?,http://thehindu.com/contacts/,"Kasturi Buildings 859 & 860, Anna Salai, Chennai, Tamil Nadu. India 600002"
express.co.uk,Can we switch the Express site from the UK to the US version?,https://www.the-express.com/,Yes
deadline.com,From which year did the Deadline website start breaking Hollywood news?,https://deadline.com/,2006
newsbreak.com,Where was Newsbreak founded?,https://www.newsbreak.com/who-we-are,California
cbr.com,Is anime news available on CBR?,https://www.cbr.com/category/anime-news/,Available
medlineplus.gov,What is the brand name of Pilocarpine tablet?,https://medlineplus.gov/druginfo/meds/a608039.html,Salagen®
nbcsports.com,Does the NBC Sports website provide news about MLB players?,https://www.nbcsports.com/fantasy/baseball/player-news,Yes
nasa.gov,Can we find all information on NASA science missions on the website?,https://science.nasa.gov/science-missions/,Yes
dictionary.com,"In the category section of Dictionary, is there a Pop Culture option?",https://www.dictionary.com/e/pop-culture/,yes
fortune.com,What are commercial services related to business development offered by Fortune.com?,https://fortune.com/,"Advertising, Fortune Brand Studio, Fortune Analytics, Fortune Conferences, Business Development"
rollingstone.com,What is the customer service mail id for Rolling Stone?,https://www.rollingstone.com/customer-service-subscriptions/?_ptid=%7Bkpdx%7DAAAAsnBljivwowoKbm0yT0NzcENwdRIQbWZzN2k0MWdscW9xY29xMBoMRVg1M1dYTEo0QjJVIiUxODA3dThvMGM4LTAwMDAzNmI2dW1uYmYzdGFlMTBiNWhhOXVvKhpzaG93VGVtcGxhdGVFSlpJRzdNVVJKVkkxMTABOgxPVEUwNkJYUzhUUVNSEnYtbWZzNjd6Z3Y5aTdpcHU0bFoOMTUwLjEyOS44OS4yNTFiA2R3Y2jpzL_GBnABeAQ,customerservice@rollingstone.com
time.com,Is there a Science section available on The Times website?,https://time.com/section/science/,yes
theconversation.com,When did the Conversation begin & where was it created?,https://theconversation.com/global/who-we-are,March 2011
nba.com,Can we find the MBL schedule in the website?,https://www.sportingnews.com/us/mlb/schedule,yes
mashable.com,Which email can be used to contact Mashable?,https://mashable.com/about/mashable-staff-masthead,editors@mashable.com
food52.com,When was 19 Vegan Soup Recipes For Hearty Plant by Maki Yazawa published? ,https://food52.com/story/25603-best-vegan-soup-recipes,"September 30, 2020"
hinative.com,HiNative app is available on which app stores?,https://hinative.com/,Apple App store and google play store
economictimes.indiatimes.com,What is the Corporate Identity Number of the Economic Times?,https://economictimes.indiatimes.com/contact-us,U74999DL1999PLC135531
en.softonic.com,Is the ChatGPT app available on en.softonic.com?,https://chatgpt.en.softonic.com/?_gl=1*hhkp0j*_gcl_au*MTM0MzE3MjE5Mi4xNzU4MzYzMzEx,yes
kidshealth.org,"For interest in private labeling and syndication, how can we contact the partnerships team?",https://kidshealth.org/en/parents/permissions-guidelines.html,partnership@kidshealth.org.
libretexts.org,What is the name of LibreTexts founder?,https://libretexts.org/about-us,Delmar Larsen
metro.co.uk,Is there a Puzzles section available in the filters on the website?,https://metro.co.uk/puzzles/,yes
msu.edu,Does the MSU website have contact information for different departments for current and prospective students?,https://msu.edu/contact,yes
my.clevelandclinic.org,Can I request an appointment on the website at Cleveland Clinic?,https://my.clevelandclinic.org/webappointment/what-to-expect,yes
tenor.com,When was Tenor founded?,https://tenor.com/about-us,2014
theconversation.com/us,Where is the main newsroom of The Conversation located?,https://theconversation.com/us/who-we-are,Boston
umich.edu,What is the address of the University of Michigan?,https://umich.edu/contact/,1109 Geddes Ave
us.trip.com/?locale=en-us,Does Trip.com provide cruise booking services?,https://us.trip.com/cruises?locale=en-US&curr=USD,Yes
www.academia.edu,Who is the founder of Academia.edu?,https://www.academia.edu/about,Richard Price
www.agoda.com,Is it possible to book flights and hotels on Agoda?,https://www.agoda.com/?ds=Q%2Bas9JDb3BTF3olk,Yes
www.alamy.com,When was the photo of King Charles III and Queen Camilla with US President Donald Trump and his wife taken?,https://www.alamy.com/king-charles-iii-and-queen-camilla-left-with-us-president-donald-trump-and-his-wife-first-lady-melania-trump-at-windsor-castle-berkshire-before-formally-bidding-farewell-to-the-president-on-day-two-of-their-state-visit-to-the-uk-picture-date-thursday-september-18-2025-image701297471.html?pv=1&stamp=2&imageid=b56ef89d-a4bb-4175-9410-2cfe709444df&p=&n=0&orientation=0&pn=1&searchtype=99&IsFromSearch=1&srch=foo%3Dbar%26st%3D99%26sortby%3D2%26qt%3D%26qt_raw%3D%26qn%3D%26lic%3D3%26edrf%3D0%26mr%3D0%26pr%3D0%26aoa%3D1%26creative%3D%26videos%3D%26nu%3D%26ccc%3D%26bespoke%3D%26apalib%3D%26ag%3D0%26hc%3D0%26et%3D0x000000000000000000000%26vp%3D0%26loc%3D0%26ot%3D0%26imgt%3D0%26dtfr%3D%26dtto%3D%26size%3D0xFF%26blackwhite%3D%26cutout%3D%26archive%3D1%26name%3D%26groupid%3D%26pseudoid%3D%26userid%3D%26id%3D%26a%3D%26xstx%3D0%26cbstore%3D1%26resultview%3DsortbyPopular%26lightbox%3D%26gname%3D%26gtype%3D%26apalic%3D%26tbar%3D1%26pc%3D%26simid%3D%26cap%3D1%26customgeoip%3D%26vd%3D0%26cid%3D%26pe%3D%26so%3D%26lb%3D6179821%26pl%3D0%26plno%3D%26fi%3D0%26langcode%3Den%26upl%3D0%26cufr%3D%26cuto%3D%26howler%3D%26cvrem%3D0%26cvtype%3D0%26cvloc%3D0%26cl%3D0%26upfr%3D%26upto%3D%26primcat%3D%26seccat%3D%26cvcategory%3D*%26restriction%3D%26collectiontype%3D%26random%3D%26ispremium%3D1%26flip%3D0%26contributorqt%3D%26plgalleryno%3D%26plpublic%3D0%26viewaspublic%3D0%26isplcurate%3D0%26imageurl%3D%26saveQry%3D%26editorial%3D1%26t%3D0%26filters%3D0,18 September 2025
www.alberta.ca,Can we find information on Government of Alberta jobs?,https://www.alberta.ca/government-of-alberta-jobs,Yes
www.aljazeera.com,Where is the Zara store in Honolulu Hawaii located?,https://www.zara.com/us/en/stores-locator/zara-honolulu-hi-hon-u-hon-ala-moana-center-s10285,"1450, ALA MOANA BOULEVARD. HONOLULU"
www.answers.com,Can we create a Question in the 'Answers' website?,https://www.answers.com/,Yes
www.asos.com,What is ASOS Company Registration Number?,https://www.asos.com/us/about/who-we-are/?ctaref=aboutus|whoweare,3584121
www.asus.com,Can I check the repair status of the product on the ASUS website?,https://www.asus.com/us/support/repair-status-inquiry/?cname=USA,Yes
www.berkeley.edu,What year was the University of California established?,https://www.berkeley.edu/about/,1868
www.betterhealth.vic.gov.au,"What is the ""Nurse on Call"" contact number?",https://www.betterhealth.vic.gov.au/health/serviceprofiles/nurse-on-call-service,1300 60 60 24
www.biomedcentral.com,When did BMC make high quality research open to everyone?,https://www.biomedcentral.com/about,1999
www.booking.com,What classes of flights can be booked through Booking.com?,https://www.booking.com/index.en-gb.html?label=gen173nr-10CAEoggI46AdIM1gEaGyIAQGYATO4ARfIAQzYAQPoAQH4AQGIAgGoAgG4AsO6w8YGwAIB0gIk,"Economy, Premium Economy, Business, and First Class flights"
www.business-standard.com,Does Business-Standard site provide live Sensex and Nifty market updates?,https://www.business-standard.com/markets/bse-sensex-indices-1001,YES
www.buzzfeed.com,When was BuzzFeed officially launched?,https://www.buzzfeed.com/about?edition=in,2006
www.cambridge.org,When did King Henry VIII grant the Letters Patent to the University of Cambridge?,https://www.cambridge.org/our-story/timeline,1534
www.caranddriver.com,Where is the Car and Driver office located?,https://www.caranddriver.com/about/a41711746/about-us-contact-information-masthead/,1585 Eisenhower Place
www.cars.com,When was Cars.com launched?,https://www.cars.com/about/,1998
www.cbc.ca,What are the contact address details of the CBC site?,https://www.cbc.ca/,P.O. Box 500 Station A
www.commonsensemedia.org,What is the minimum recommended age for children to watch Ne Zha II according to Common Sense Media?,https://www.commonsensemedia.org/movie-reviews/ne-zha-ii,13+
www.cornell.edu,Does Cornell University provide an academic calendar?,https://registrar.cornell.edu/calendar/2025-2026,Yes
www.countryliving.com,What is the launch year of Country Living?,https://www.countryliving.com/about/a3561/about-us/#our-history,1978
www.dailymail.co.uk/ushome/index.html,What is the address of Daily Mail Associated Newspapers Ltd?,https://www.dailymail.co.uk/home/contactus/index.html,9 Derry Street
www.digitaltrends.com,What is the name of Digital Trends' co-founder?,https://www.digitaltrends.com/about/,Ian Bell
www.discogs.com,When was the 'Phil Collins But Seriously' studio album released?,https://www.discogs.com/release/499511-Phil-Collins-But-Seriously,1989
www.diy.com,Is a mirror filter available in the Home & Furniture category of DIY?,https://www.diy.com/departments/home-furniture-storage/home-furnishings/mirrors/DIY580871.cat,Yes
www.drugs.com,What is the Drug class for Ozempic Dosage?,https://www.drugs.com/dosage/ozempic.html,GLP-1 Agonists 
www.dw.com,What is the posted date of the DW Freedom of Speech Award?,https://corporate.dw.com/en/dw-freedom-of-speech-award-laureates-through-the-years/g-71245882,"August 6, 2025"
www.eater.com,Does Eater have restaurant listings based on locations?,https://www.eater.com/maps,Yes
www.eatingwell.com,In which location was EatingWell founded?,https://www.eatingwell.com/about-us-6743412#toc-our-history,"Charlotte, Vermont"
www.elle.com,Is there a News & Politics section in the Elle website?,https://www.elle.com/culture/career-politics/,Yes
www.encyclopedia.com,Does the encyclopedia have a science and technology section?,https://www.encyclopedia.com/science-and-technology,Yes
www.eonline.com,What are the linear TV shows of E!?,https://www.eonline.com/about,E! News and Daily Pop
www.firstcry.com,Does First Cry website has stores locator,https://www.firstcry.com/store-locator?ref2=topstrip,Yes
www.flipkart.com/,When was Flipkart established?,https://corporate.flipkart.net/about-us,2007
www.food.com,Which different measurement units are available for the ingredients list?,https://www.food.com/recipe/chicken-parmesan-low-carb-keto-533781?units=us&scale=4,US and metric
www.gamespot.com,Does the Gamespot website include a section for reviewing games and entertainment?,https://www.gamespot.com/games/reviews/,yes
www.geeksforgeeks.org,What is the name of the GeeksforGeeks founder?,https://www.geeksforgeeks.org/about/,Mr. Sandeep Jain.
www.gettyimages.com,"Does the site provide royalty-free images, videos, and illustrations?",https://www.gettyimages.co.uk/solutions/creative,yes
www.getyourguide.com,Is there an option to change the language on the website?,https://www.getyourguide.com/,yes